ticker,company_name,cik,sic_code,classification,fiscal_year,fiscal_period,roe_percentage,roe_decimal,net_income,stockholders_equity,net_income_tag,equity_tag,data_quality_flags,processing_time_ms
"AEE","Ameren Corporation Common Stock","0001002910","4931","Electric & Other Services Combined","2017","FY","7.28%","0.07280066815144766","523000000","7184000000","us-gaap:NetIncomeLoss","us-gaap:StockholdersEquity","","971"
"AEP","American Electric Power Company Inc. Common Stock","0000004904","4911","Electric Services","2013","FY","9.20%","0.09201119055020206","1480000000","16085000000","us-gaap:NetIncomeLoss","us-gaap:StockholdersEquity","","819"
"AES","The AES Corporation Common Stock","0000874761","4991","Known Utility Exception","2024","FY","46.08%","0.4607574094401756","1679000000","3644000000","us-gaap:NetIncomeLoss","us-gaap:StockholdersEquity","","801"
"AESI","Atlas Energy Solutions Inc. Common Stock","0001984060","1311","Diversified Utility","2024","FY","5.78%","0.05782996770073204","59944000","1036556000","us-gaap:NetIncomeLoss","us-gaap:StockholdersEquity","","671"
"ALE","Allete Inc.","0000066756","4931","Electric & Other Services Combined","2024","FY","6.30%","0.0629564606741573","179300000","2848000000","us-gaap:NetIncomeLoss","us-gaap:StockholdersEquity","","1232"
"AM","Antero Midstream Corporation Common Stock","0001623925","4922","Natural Gas Transmission","2018","FY","0.22%","0.0021598829403795343","4939000","2286698000","us-gaap:NetIncomeLoss","us-gaap:StockholdersEquity","","291"
"AMPY","Amplify Energy Corp. Common Stock","0001533924","1311","Diversified Utility","2024","FY","3.17%","0.031659623586492935","12946000","408912000","us-gaap:NetIncomeLoss","us-gaap:StockholdersEquity","","566"
"APA","APA Corporation Common Stock","0001841666","1311","Diversified Utility","2024","FY","15.23%","0.15227272727272728","804000000","5280000000","us-gaap:NetIncomeLossAvailableToCommonStockholdersBasic","us-gaap:StockholdersEquity","","722"
"AQN","Algonquin Power & Utilities Corp. Common Shares","0001174169","4911","Electric Services","2024","FY","-29.32%","-0.29323233209336846","-1380517000","4707929000","us-gaap:NetIncomeLoss","us-gaap:StockholdersEquity","","628"
"AQNB","Algonquin Power & Utilities Corp. 6.20% Fixed-to-Floating Subordinated Notes Series 2019-A due July 1 2079","0001174169","4911","Electric Services","2024","FY","-29.32%","-0.29323233209336846","-1380517000","4707929000","us-gaap:NetIncomeLoss","us-gaap:StockholdersEquity","","529"
"AR","Antero Resources Corporation Common Stock","0001433270","1311","Diversified Utility","2014","FY","15.42%","0.15416672274443616","675835000","4383793000","us-gaap:NetIncomeLoss","us-gaap:StockholdersEquity","","461"
"AROC","Archrock Inc. Common Stock","0001389050","4922","Natural Gas Transmission","2024","FY","13.01%","0.1301299327329696","172231000","1323531000","us-gaap:NetIncomeLoss","us-gaap:StockholdersEquity","","652"
"ARTNA","Artesian Resources Corporation Class A Common Stock","0000863110","4941","Diversified Utility","2024","FY","8.53%","0.08526311828721221","20394000","239189000","us-gaap:NetIncomeLoss","us-gaap:StockholdersEquity","","731"
"ATO","Atmos Energy Corporation Common Stock","0000731802","4924","Natural Gas Distribution","2025","FY","2.75%","0.027530888704423565","351858000","12780481000","us-gaap:NetIncomeLoss","us-gaap:StockholdersEquity","","437"
"AVA","Avista Corporation Common Stock","0000104918","4931","Electric & Other Services Combined","2024","FY","6.95%","0.06947124662292552","180000000","2591000000","us-gaap:NetIncomeLoss","us-gaap:StockholdersEquity","","430"
"AWK","American Water Works Company Inc. Common Stock","0001410636","4941","Diversified Utility","2024","FY","10.17%","0.10172280294231514","1051000000","10332000000","us-gaap:NetIncomeLoss","us-gaap:StockholdersEquity","","352"
"AWR","American States Water Company Common Stock","0001056903","4941","Diversified Utility","2024","FY","12.96%","0.12963194431613032","119268000","920051000","us-gaap:NetIncomeLoss","us-gaap:StockholdersEquity","","386"
"BATL","Battalion Oil Corporation Common Stock","0001282648","1311","Diversified Utility","2024","FY","-773.83%","-7.738349514563107","-31882000","4120000","us-gaap:NetIncomeLoss","us-gaap:StockholdersEquity","","493"
"BKH","Black Hills Corporation Common Stock","0001130464","4911","Known Utility Exception","2024","FY","7.80%","0.07799514493788376","273100000","3501500000","us-gaap:NetIncomeLoss","us-gaap:StockholdersEquity","","655"
"BKV","BKV Corporation Common Stock","0001838406","1311","Diversified Utility","2024","FY","-9.16%","-0.0916083494595319","-142870000","1559574000","us-gaap:NetIncomeLoss","us-gaap:StockholdersEquity","","416"
"BRN","Barnwell Industries Inc. Common Stock","0000010048","1311","Diversified Utility","2025","FY","-16.99%","-0.16987151085511742","-1917000","11285000","us-gaap:NetIncomeLoss","us-gaap:StockholdersEquity","","689"
"BRY","Berry Corporation (bry) Common Stock","0001705873","1311","Diversified Utility","2024","FY","2.63%","0.026348277391204374","19251000","730636000","us-gaap:NetIncomeLoss","us-gaap:StockholdersEquity","","369"
"CDZI","CADIZ Inc. Common Stock","0000727273","4941","Diversified Utility","2024","FY","-91.69%","-0.9169341303259622","-31140000","33961000","us-gaap:NetIncomeLoss","us-gaap:StockholdersEquity","","349"
"CDZIP","Cadiz Inc. Depositary Shares","0000727273","4941","Diversified Utility","2024","FY","-91.69%","-0.9169341303259622","-31140000","33961000","us-gaap:NetIncomeLoss","us-gaap:StockholdersEquity","","251"
"CEG","Constellation Energy Corporation Common Stock ","0001868275","4911","Electric Services","2024","FY","28.47%","0.2847485948655628","3749000000","13166000000","us-gaap:NetIncomeLoss","us-gaap:StockholdersEquity","","242"
"CETY","Clean Energy Technologies Inc. Common Stock","0001329606","4924","Natural Gas Distribution","2024","FY","-150.29%","-1.502915090750321","-4416319","2938502","us-gaap:NetIncomeLoss","us-gaap:StockholdersEquity","","279"
"CHRD","Chord Energy Corporation Common Stock","0001486159","1311","Diversified Utility","2024","FY","9.75%","0.09751797865888202","848627000","8702262000","us-gaap:NetIncomeLoss","us-gaap:StockholdersEquity","","488"
"CIVI","Civitas Resources Inc. Common Stock","0001509589","1311","Diversified Utility","2016","FY","-1043.75%","-10.43754262630502","-198950000","19061000","us-gaap:IncomeLossFromContinuingOperations","us-gaap:StockholdersEquity","","343"
"CKX","CKX Lands Inc. Common Stock","0000352955","1311","Diversified Utility","2024","FY","1.35%","0.013465171010104152","250224","18583054","us-gaap:NetIncomeLoss","us-gaap:StockholdersEquity","","296"
"CLNE","Clean Energy Fuels Corp. Common Stock","0001368265","4932","Gas & Other Services Combined","2024","FY","-11.65%","-0.11646312141354012","-83070000","713273000","us-gaap:NetIncomeLoss","us-gaap:StockholdersEquity","","427"
"CMS","CMS Energy Corporation Common Stock","0000811156","4931","Electric & Other Services Combined","2024","FY","12.19%","0.1218712029161604","1003000000","8230000000","us-gaap:NetIncomeLoss","us-gaap:StockholdersEquity","","347"
"CMSA","CMS Energy Corporation 5.625% Junior Subordinated Notes due 2078","0000811156","4931","Electric & Other Services Combined","2024","FY","12.19%","0.1218712029161604","1003000000","8230000000","us-gaap:NetIncomeLoss","us-gaap:StockholdersEquity","","411"
"CMSC","CMS Energy Corporation 5.875% Junior Subordinated Notes due 2078","0000811156","4931","Electric & Other Services Combined","2024","FY","12.19%","0.1218712029161604","1003000000","8230000000","us-gaap:NetIncomeLoss","us-gaap:StockholdersEquity","","372"
"CMSD","CMS Energy Corporation 5.875% Junior Subordinated Notes due 2079","0000811156","4931","Electric & Other Services Combined","2024","FY","12.19%","0.1218712029161604","1003000000","8230000000","us-gaap:NetIncomeLoss","us-gaap:StockholdersEquity","","281"
"CNP","CenterPoint Energy Inc (Holding Co) Common Stock","0001130310","4911","Electric Services","2024","FY","9.55%","0.09553722107631726","1019000000","10666000000","us-gaap:NetIncomeLoss","us-gaap:StockholdersEquity","","338"
"CNX","CNX Resources Corporation Common Stock","0001070412","1311","Diversified Utility","2024","FY","-2.21%","-0.02208231760138408","-90494000","4098030000","us-gaap:NetIncomeLoss","us-gaap:StockholdersEquity","","758"
"CPK","Chesapeake Utilities Corporation Common Stock","0000019745","4923","Natural Gas Transmission & Distribution","2024","FY","8.53%","0.08531146597611855","118600000","1390200000","us-gaap:NetIncomeLoss","us-gaap:StockholdersEquity","","658"
"CRC","California Resources Corporation Common Stock","0001609253","1311","Diversified Utility","2024","FY","10.63%","0.10627473148671567","376000000","3538000000","us-gaap:NetIncomeLoss","us-gaap:StockholdersEquity","","343"
"CRGY","Crescent Energy Company Class A Common Stock","0001866175","1311","Diversified Utility","2024","FY","-3.65%","-0.036502697291496994","-114605000","3139631000","us-gaap:NetIncomeLoss","us-gaap:StockholdersEquityIncludingPortionAttributableToNoncontrollingInterest","","219"
"CRK","Comstock Resources Inc. Common Stock","0000023194","1311","Diversified Utility","2024","FY","-10.25%","-0.10247596744879459","-229651000","2241023000","us-gaap:NetIncomeLoss","us-gaap:StockholdersEquity","","520"
"CTRA","Coterra Energy Inc. Common Stock","0000858470","1311","Diversified Utility","2024","FY","8.54%","0.08542905044962658","1121000000","13122000000","us-gaap:NetIncomeLoss","us-gaap:StockholdersEquity","","432"
"CTRI","Centuri Holdings Inc. Common Stock","0001981599","4923","Natural Gas Transmission & Distribution","2024","FY","-35.06%","-0.3505862042363499","-168145000","479611000","us-gaap:NetIncomeLoss","us-gaap:StockholdersEquity","","275"
"CWCO","Consolidated Water Co. Ltd. Ordinary Shares","0000928340","4941","Diversified Utility","2024","FY","13.45%","0.13448971484877206","28237554","209960695","us-gaap:NetIncomeLoss","us-gaap:StockholdersEquity","","460"
"CWEN","Clearway Energy Inc. Class C Common Stock","0001567683","4911","Electric Services","2024","FY","1.58%","0.015815959741193385","88000000","5564000000","us-gaap:NetIncomeLoss","us-gaap:StockholdersEquityIncludingPortionAttributableToNoncontrollingInterest","","570"
"CWT","California Water Service Group Common Stock","0001035201","4941","Diversified Utility","2024","FY","27.29%","0.2728851107160683","190807000","699221000","us-gaap:NetIncomeLoss","us-gaap:StockholdersEquity","","462"
"D","Dominion Energy Inc. Common Stock","0000715957","4911","Electric Services","2024","FY","7.79%","0.07793637397717683","2124000000","27253000000","us-gaap:NetIncomeLoss","us-gaap:StockholdersEquity","","468"
"DINO","HF Sinclair Corporation Common Stock","0001915657","4610","Diversified Utility","2024","FY","1.91%","0.019077387367967234","177000000","9278000000","us-gaap:NetIncomeLoss","us-gaap:StockholdersEquity","","267"
"DTB","DTE Energy Company 2020 Series G 4.375% Junior Subordinated Debentures due 2080","0000936340","4911","Electric Services","2024","FY","12.00%","0.1200102572869476","1404000000","11699000000","us-gaap:NetIncomeLoss","us-gaap:StockholdersEquity","","676"
"DTE","DTE Energy Company Common Stock","0000936340","4911","Electric Services","2024","FY","12.00%","0.1200102572869476","1404000000","11699000000","us-gaap:NetIncomeLoss","us-gaap:StockholdersEquity","","337"
"DTG","DTE Energy Company 2021 Series E 4.375% Junior Subordinated Debentures","0000936340","4911","Electric Services","2024","FY","12.00%","0.1200102572869476","1404000000","11699000000","us-gaap:NetIncomeLoss","us-gaap:StockholdersEquity","","339"
"DTM","DT Midstream Inc. Common Stock ","0001842022","4922","Natural Gas Transmission","2024","FY","7.65%","0.07650745623514156","354000000","4627000000","us-gaap:NetIncomeLoss","us-gaap:StockholdersEquity","","485"
"DTW","DTE Energy Company 2017 Series E 5.25% Junior Subordinated Debentures due 2077","0000936340","4911","Electric Services","2024","FY","12.00%","0.1200102572869476","1404000000","11699000000","us-gaap:NetIncomeLoss","us-gaap:StockholdersEquity","","316"
"DUK","Duke Energy Corporation (Holding Company) Common Stock","0001326160","4931","Electric & Other Services Combined","2024","FY","9.03%","0.09025076306182298","4524000000","50127000000","us-gaap:NetIncomeLoss","us-gaap:StockholdersEquity","","533"
"DUKB","Duke Energy Corporation 5.625% Junior Subordinated Debentures due 2078","0001326160","4931","Electric & Other Services Combined","2024","FY","9.03%","0.09025076306182298","4524000000","50127000000","us-gaap:NetIncomeLoss","us-gaap:StockholdersEquity","","700"
"DVN","Devon Energy Corporation Common Stock","0001090012","1311","Diversified Utility","2024","FY","19.94%","0.1994343267108168","2891000000","14496000000","us-gaap:NetIncomeLoss","us-gaap:StockholdersEquity","","713"
"DY","Dycom Industries Inc. Common Stock","0000067215","1623","Utility (Keyword Match)","2025","FY","18.75%","0.18748154358877006","142213000","758544000","us-gaap:NetIncomeLoss","us-gaap:StockholdersEquity","","483"
"ED","Consolidated Edison Inc. Common Stock","0001047862","4931","Electric & Other Services Combined","2024","FY","8.29%","0.0828704125307349","1820000000","21962000000","us-gaap:NetIncomeLoss","us-gaap:StockholdersEquity","","968"
"EGY","VAALCO Energy Inc.  Common Stock","0000894627","1311","Diversified Utility","2024","FY","11.66%","0.116610810174986","58490000","501583000","us-gaap:NetIncomeLoss","us-gaap:StockholdersEquity","","580"
"EIX","Edison International Common Stock","0000827052","4911","Electric Services","2020","FY","5.26%","0.05260535307517084","739000000","14048000000","us-gaap:NetIncomeLoss","us-gaap:StockholdersEquity","","382"
"EOG","EOG Resources Inc. Common Stock","0000821189","1311","Diversified Utility","2024","FY","21.82%","0.21815270348540083","6403000000","29351000000","us-gaap:NetIncomeLoss","us-gaap:StockholdersEquity","","442"
"EONR","EON Resources Inc. Class A Common Stock","0001842556","1311","Diversified Utility","2024","FY","-291.59%","-2.9159013466998194","-9080283","3114057","us-gaap:NetIncomeLoss","us-gaap:StockholdersEquity","","250"
"EP","Empire Petroleum Corporation Common Stock","0000887396","1311","Diversified Utility","2024","FY","-25.81%","-0.258073591970047","-16197989","62765000","us-gaap:NetIncomeLoss","us-gaap:StockholdersEquity","","336"
"EPM","Evolution Petroleum Corporation Inc. Common Stock","0001006655","1311","Diversified Utility","2025","FY","0.31%","0.003145395926712275","240000","76302000","us-gaap:NetIncomeLoss","us-gaap:StockholdersEquity","","556"
"EPSN","Epsilon Energy Ltd. Common Share","0001726126","1311","Diversified Utility","2024","FY","1.99%","0.019930086727925855","1927800","96728129","us-gaap:NetIncomeLoss","us-gaap:StockholdersEquity","","502"
"EQT","EQT Corporation Common Stock","0000033213","1311","Diversified Utility","2024","FY","1.12%","0.011194347232603676","230577000","20597628000","us-gaap:NetIncomeLoss","us-gaap:StockholdersEquity","","362"
"ES","Eversource Energy (D/B/A) Common Stock","0000072741","4911","Electric Services","2023","FY","-3.07%","-0.030669063938119467","-434700000","14173892000","us-gaap:NetIncomeLoss","us-gaap:StockholdersEquity","","640"
"ESOA","Energy Services of America Corporation Common Stock","0001357971","1623","Utility (Keyword Match)","2018","FY","2.03%","0.020290314402349557","1238657","61046713","us-gaap:NetIncomeLoss","us-gaap:StockholdersEquity","","620"
"ET","Energy Transfer LP Common Units ","0001276187","4922","Natural Gas Transmission","2024","FY","10.46%","0.1046135123975922","4814000000","46017000000","us-gaap:NetIncomeLoss","us-gaap:StockholdersEquityIncludingPortionAttributableToNoncontrollingInterest","","672"
"ETR","Entergy Corporation Common Stock","0000065984","4911","Electric Services","2023","FY","16.12%","0.16115659497216886","2356536000","14622647000","us-gaap:NetIncomeLoss","us-gaap:StockholdersEquity","","1104"
"EVRG","Evergy Inc. Common Stock","0001711269","4931","Electric & Other Services Combined","2024","FY","8.77%","0.08774485183324962","873500000","9955000000","us-gaap:NetIncomeLoss","us-gaap:StockholdersEquity","","361"
"EXC","Exelon Corporation Common Stock","0001109357","4931","Electric & Other Services Combined","2012","FY","5.46%","0.05464047407960431","1171000000","21431000000","us-gaap:NetIncomeLoss","us-gaap:StockholdersEquity","","922"
"EXE","Expand Energy Corporation Common Stock","0000895126","1311","Diversified Utility","2024","FY","-4.06%","-0.040649017933390263","-714000000","17565000000","us-gaap:NetIncomeLoss","us-gaap:StockholdersEquity","","606"
"EXEEL","Expand Energy Corporation Class C Warrants","0000895126","1311","Diversified Utility","2024","FY","-4.06%","-0.040649017933390263","-714000000","17565000000","us-gaap:NetIncomeLoss","us-gaap:StockholdersEquity","","345"
"FANG","Diamondback Energy Inc. Common Stock","0001539838","1311","Diversified Utility","2024","FY","8.85%","0.08845664617341531","3338000000","37736000000","us-gaap:NetIncomeLoss","us-gaap:StockholdersEquity","","332"
"FE","FirstEnergy Corp. Common Stock","0001031296","4911","Electric Services","2024","FY","7.85%","0.07852268165395423","978000000","12455000000","us-gaap:NetIncomeLoss","us-gaap:StockholdersEquity","","345"
"GBR","New Concept Energy Inc Common Stock","0000105744","1311","Diversified Utility","2024","FY","-0.40%","-0.003967379325545515","-18000","4537000","us-gaap:NetIncomeLoss","us-gaap:StockholdersEquity","","299"
"GNE","Genie Energy Ltd. Class B Common Stock Stock","0001528356","4931","Electric & Other Services Combined","2024","FY","6.61%","0.0660759653137926","12588000","190508000","us-gaap:NetIncomeLoss","us-gaap:StockholdersEquity","","353"
"GPOR","Gulfport Energy Corporation Common Shares","0000874499","1311","Diversified Utility","2024","FY","-15.27%","-0.15273289069196846","-261386000","1711393000","us-gaap:NetIncomeLoss","us-gaap:StockholdersEquity","","739"
"GRNT","Granite Ridge Resources Inc. Common Stock","0001928446","1311","Diversified Utility","2024","FY","2.95%","0.02952531899589677","18759000","635353000","us-gaap:NetIncomeLoss","us-gaap:StockholdersEquity","","399"
"GTE","Gran Tierra Energy Inc. Common Stock","0001273441","1311","Diversified Utility","2024","FY","0.78%","0.007776230269266481","3216000","413568000","us-gaap:NetIncomeLoss","us-gaap:StockholdersEquity","","640"
"GWRS","Global Water Resources Inc. Common Stock","0001434728","4941","Diversified Utility","2024","FY","12.16%","0.12160742794723133","5789000","47604000","us-gaap:NetIncomeLoss","us-gaap:StockholdersEquity","","559"
"HE","Hawaiian Electric Industries Inc. Common Stock","0000354707","4911","Electric Services","2024","FY","-96.28%","-0.9628352316865314","-1424119000","1479089000","us-gaap:NetIncomeLoss","us-gaap:StockholdersEquity","","476"
"HNRG","Hallador Energy Company Common Stock","0000788965","4911","Electric Services","2024","FY","-216.85%","-2.1684614278179986","-226138000","104285000","us-gaap:NetIncomeLoss","us-gaap:StockholdersEquity","","371"
"HTO","H2O America Common Stock","0000766829","4941","Diversified Utility","2024","FY","6.87%","0.06874088314774092","93967000","1366974000","us-gaap:NetIncomeLoss","us-gaap:StockholdersEquity","","370"
"HUSA","Houston American Energy Corporation Common Stock","0001156041","1311","Diversified Utility","2024","FY","-195.33%","-1.9532839614417112","-8216112","4206307","us-gaap:NetIncomeLoss","us-gaap:StockholdersEquity","","277"
"IDA","IDACORP Inc. Common Stock","0001057877","4911","Electric Services","2024","FY","8.68%","0.08681416795308491","289174000","3330954000","us-gaap:NetIncomeLoss","us-gaap:StockholdersEquity","","422"
"INDO","Indonesia Energy Corporation Limited Ordinary Shares","0001757840","1311","Diversified Utility","2024","FY","-34.85%","-0.3484618907514774","-6338826","18190873","us-gaap:NetIncomeLoss","us-gaap:StockholdersEquity","","676"
"KGS","Kodiak Gas Services Inc. Common Stock","0001767042","4922","Natural Gas Transmission","2024","FY","6.61%","0.06606106825758719","49895000","755286000","us-gaap:NetIncomeLoss","us-gaap:StockholdersEquity","","380"
"KMI","Kinder Morgan Inc. Common Stock","0001506307","4922","Natural Gas Transmission","2024","FY","8.56%","0.08558514296944089","2613000000","30531000000","us-gaap:NetIncomeLoss","us-gaap:StockholdersEquity","","471"
"KNTK","Kinetik Holdings Inc. Class A Common Stock","0001692787","4922","Natural Gas Transmission","2017","FY","-0.03%","-0.0003364846322475529","-187108","556067000","us-gaap:NetIncomeLoss","us-gaap:StockholdersEquity","","285"
"KOS","Kosmos Energy Ltd. Common Shares (DE)","0001509991","1311","Diversified Utility","2024","FY","15.82%","0.15815328583900357","189851000","1200424000","us-gaap:NetIncomeLoss","us-gaap:StockholdersEquity","","351"
"LNG","Cheniere Energy Inc. Common Stock","0000003570","4924","Natural Gas Distribution","2024","FY","57.06%","0.5706264256887174","3252000000","5699000000","us-gaap:NetIncomeLoss","us-gaap:StockholdersEquity","","458"
"LNT","Alliant Energy Corporation Common Stock","0000352541","4931","Electric & Other Services Combined","2024","FY","9.85%","0.09851513420902341","690000000","7004000000","us-gaap:NetIncomeLoss","us-gaap:StockholdersEquity","","537"
"MDU","MDU Resources Group Inc. Common Stock (Holding Company)","0000067716","1400","Known Utility Exception","2024","FY","10.45%","0.10447882124780809","281108000","2690574000","us-gaap:NetIncomeLoss","us-gaap:StockholdersEquity","","673"
"MGEE","MGE Energy Inc","0001161728","4900","Electric Services","2024","FY","9.80%","0.09801258070232771","120569000","1230138000","us-gaap:NetIncomeLoss","us-gaap:StockholdersEquity","","421"
"MNTK","Montauk Renewables Inc. Common Stock","0001826600","4932","Gas & Other Services Combined","2024","FY","3.78%","0.03781413037988944","9734000","257417000","us-gaap:NetIncomeLoss","us-gaap:StockholdersEquity","","1213"
"MPLX","MPLX LP Common Units Representing Limited Partner Interests","0001552000","4610","Diversified Utility","2023","FY","263.98%","2.639784946236559","3928000000","1488000000","us-gaap:NetIncomeLoss","us-gaap:StockholdersEquity","","485"
"MSEX","Middlesex Water Company Common Stock","0000066004","4941","Diversified Utility","2024","FY","9.96%","0.09960630009679672","44351000","445263000","us-gaap:NetIncomeLoss","us-gaap:StockholdersEquity","","452"
"MTDR","Matador Resources Company Common Stock","0001520006","1311","Diversified Utility","2024","FY","17.40%","0.17396268020449","885322000","5089149000","us-gaap:NetIncomeLoss","us-gaap:StockholdersEquity","","301"
"MTZ","MasTec Inc. Common Stock","0000015615","1623","Utility (Keyword Match)","2024","FY","5.59%","0.055905217872993074","162788000","2911857000","us-gaap:NetIncomeLoss","us-gaap:StockholdersEquity","","611"
"MUR","Murphy Oil Corporation Common Stock","0000717423","1311","Diversified Utility","2024","FY","7.84%","0.07838879530249795","407171000","5194250000","us-gaap:NetIncomeLoss","us-gaap:StockholdersEquity","","999"
"MXC","Mexco Energy Corporation Common Stock","0000066418","1311","Diversified Utility","2025","FY","5.98%","0.05976504151411798","1077370","18026759","us-gaap:NetIncomeLoss","us-gaap:StockholdersEquity","","593"
"MYRG","MYR Group Inc. Common Stock","0000700923","1623","Utility (Keyword Match)","2024","FY","5.04%","0.05040808848024519","30263000","600360000","us-gaap:NetIncomeLoss","us-gaap:StockholdersEquity","","468"
"NEE","NextEra Energy Inc. Common Stock","0000753308","4911","Electric Services","2024","FY","13.86%","0.138639947306441","6946000000","50101000000","us-gaap:NetIncomeLoss","us-gaap:StockholdersEquity","","422"
"NEXT","NextDecade Corporation Common Stock","0001612720","4923","Natural Gas Transmission & Distribution","2024","FY","73.47%","0.7346845284277925","277447000","377641000","us-gaap:NetIncomeLoss","us-gaap:StockholdersEquity","","263"
"NFE","New Fortress Energy Inc. Class A Common Stock","0001749723","4924","Natural Gas Distribution","2023","FY","33.41%","0.3340552431750863","547882000","1640094000","us-gaap:NetIncomeLoss","us-gaap:StockholdersEquity","","495"
"NI","NiSource Inc Common Stock","0001111711","4931","Electric & Other Services Combined","2024","FY","8.76%","0.08756131825614334","760400000","8684200000","us-gaap:NetIncomeLoss","us-gaap:StockholdersEquity","","1166"
"NJR","NewJersey Resources Corporation Common Stock","0000356309","4924","Natural Gas Distribution","2025","FY","5.68%","0.05678207658287946","131319000","2312684000","us-gaap:NetIncomeLoss","us-gaap:StockholdersEquity","","533"
"NNE","Nano Nuclear Energy Inc. Common Stock","0001923891","4911","Electric Services","2025","FY","-2.39%","-0.02393843574906628","-3113362","130057036","us-gaap:NetIncomeLoss","us-gaap:StockholdersEquity","","261"
"NOG","Northern Oil and Gas Inc. Common Stock","0001104485","1311","Diversified Utility","2024","FY","22.42%","0.22422864678390042","520308000","2320435000","us-gaap:NetIncomeLoss","us-gaap:StockholdersEquity","","412"
"NRG","NRG Energy Inc. Common Stock","0001013871","4911","Electric Services","2024","FY","45.40%","0.4539951573849879","1125000000","2478000000","us-gaap:NetIncomeLoss","us-gaap:StockholdersEquityIncludingPortionAttributableToNoncontrollingInterest","","470"
"NWE","NorthWestern Energy Group Inc. Common Stock","0001993004","4931","Known Utility Exception","2024","FY","7.84%","0.07842355740630577","224111000","2857700000","us-gaap:NetIncomeLoss","us-gaap:StockholdersEquity","","257"
"NWN","Northwest Natural Holding Company Common Stock","0001733998","4924","Natural Gas Distribution","2024","FY","5.69%","0.056931320202314034","78871000","1385371000","us-gaap:NetIncomeLoss","us-gaap:StockholdersEquity","","302"
"OGE","OGE Energy Corp Common Stock","0001021635","4911","Electric Services","2024","FY","9.51%","0.09513240966191902","441500000","4640900000","us-gaap:NetIncomeLoss","us-gaap:StockholdersEquity","","448"
"OGS","ONE Gas Inc. Common Stock","0001587732","4924","Natural Gas Distribution","2023","FY","7.18%","0.071781785947584","222850000","3104548000","us-gaap:NetIncomeLoss","us-gaap:StockholdersEquity","","296"
"OKE","ONEOK Inc. Common Stock","0001039684","4923","Natural Gas Transmission & Distribution","2024","FY","17.82%","0.17815214839164123","3035000000","17036000000","us-gaap:NetIncomeLoss","us-gaap:StockholdersEquity","","620"
"OKLO","Oklo Inc. Class A common stock","0001849056","4911","Electric Services","2024","FY","-29.35%","-0.2934580258872585","-73616000","250857000","us-gaap:NetIncomeLoss","us-gaap:StockholdersEquity","","319"
"OPTT","Ocean Power Technologies Inc. Common Stock","0001378140","4911","Electric Services","2025","FY","-62.53%","-0.6252815507473892","-27483000","43953000","us-gaap:NetIncomeLoss","us-gaap:StockholdersEquity","","331"
"ORA","Ormat Technologies Inc. Common Stock","0001296445","4911","Electric Services","2024","FY","5.10%","0.0510212034081486","123733000","2425129000","us-gaap:NetIncomeLoss","us-gaap:StockholdersEquity","","500"
"OTTR","Otter Tail Corporation Common Stock","0001466593","4911","Electric Services","2024","FY","18.08%","0.1807984302058317","301662000","1668499000","us-gaap:NetIncomeLoss","us-gaap:StockholdersEquity","","606"
"OVV","Ovintiv Inc. (DE)","0001792580","1311","Diversified Utility","2024","FY","10.89%","0.1088955570612719","1125000000","10331000000","us-gaap:NetIncomeLoss","us-gaap:StockholdersEquity","","340"
"OXY","Occidental Petroleum Corporation Common Stock","0000797468","1311","Diversified Utility","2023","FY","15.52%","0.1552396694214876","4696000000","30250000000","us-gaap:NetIncomeLoss","us-gaap:StockholdersEquity","","593"
"PARR","Par Pacific Holdings Inc.  Common Stock","0000821483","1311","Diversified Utility","2024","FY","-2.80%","-0.027971077023290485","-33322000","1191302000","us-gaap:NetIncomeLoss","us-gaap:StockholdersEquity","","698"
"PBR","Petroleo Brasileiro S.A. Petrobras ADS","0001119639","1311","Diversified Utility","2010","FY","10.73%","0.10730382271590246","19475000000","181494000000","us-gaap:NetIncomeLoss","us-gaap:StockholdersEquity","","483"
"PCG","Pacific Gas & Electric Co. Common Stock","0001004980","4931","Electric & Other Services Combined","2009","FY","11.81%","0.11806832478467047","1220000000","10333000000","us-gaap:NetIncomeLoss","us-gaap:StockholdersEquity","","423"
"PCYO","Pure Cycle Corporation Common Stock","0000276720","4941","Diversified Utility","2024","FY","4.16%","0.041585542851074374","4699000","112996000","us-gaap:NetIncomeLoss","us-gaap:StockholdersEquity","","400"
"PED","Pedevco Corp. Common Stock","0001141197","1311","Diversified Utility","2024","FY","14.69%","0.14689512799339388","17789000","121100000","us-gaap:NetIncomeLoss","us-gaap:StockholdersEquity","","585"
"PEG","Public Service Enterprise Group Incorporated Common Stock","0000788784","4931","Electric & Other Services Combined","2024","FY","13.56%","0.13561916424307363","1772000000","13066000000","us-gaap:NetIncomeLoss","us-gaap:StockholdersEquity","","763"
"PLPC","Preformed Line Products Company Common Stock","0000080035","1623","Utility (Keyword Match)","2024","FY","8.78%","0.08783490996057446","37094000","422315000","us-gaap:NetIncomeLoss","us-gaap:StockholdersEquity","","519"
"PNRG","PrimeEnergy Resources Corporation Common Stock","0000056868","1311","Diversified Utility","2022","FY","34.67%","0.34672575577294396","48664000","140353000","us-gaap:NetIncomeLoss","us-gaap:StockholdersEquity","","408"
"PNW","Pinnacle West Capital Corporation Common Stock","0000764622","4911","Electric Services","2010","FY","9.50%","0.09503717698700115","350053000","3683327000","us-gaap:NetIncomeLoss","us-gaap:StockholdersEquity","","519"
"POR","Portland General Electric Co Common Stock","0000784977","4911","Electric Services","2016","FY","10.61%","0.10610225398570643","193000000","1819000000","us-gaap:NetIncomeLoss","us-gaap:StockholdersEquity","","946"
"PPL","PPL Corporation Common Stock","0000922224","4911","Electric Services","2021","FY","6.38%","0.06381602587136184","888000000","13915000000","us-gaap:NetIncomeLoss","us-gaap:StockholdersEquity","","481"
"PR","Permian Resources Corporation Class A Common Stock","0001658566","1311","Diversified Utility","2024","FY","10.78%","0.10775269277502898","984701000","9138528000","us-gaap:NetIncomeLoss","us-gaap:StockholdersEquity","","1224"
"PRIM","Primoris Services Corporation Common Stock","0001361538","1623","Utility (Keyword Match)","2024","FY","12.83%","0.12833186594425247","180888000","1409533000","us-gaap:NetIncomeLoss","us-gaap:StockholdersEquity","","935"
"PROP","Prairie Operating Co. Common Stock","0001162896","1311","Diversified Utility","2024","FY","-77.53%","-0.7753183747725895","-40912000","52768000","us-gaap:NetIncomeLoss","us-gaap:StockholdersEquity","","795"
"REI","Ring Energy Inc. Common Stock","0001384195","1311","Diversified Utility","2024","FY","7.86%","0.07857811820367806","67470314","858639982","us-gaap:NetIncomeLoss","us-gaap:StockholdersEquity","","1101"
"REPX","Riley Exploration Permian Inc. Common Stock","0001001614","1311","Diversified Utility","2024","FY","17.41%","0.17409790155009155","88897000","510615000","us-gaap:NetIncomeLoss","us-gaap:StockholdersEquity","","555"
"RGCO","RGC Resources Inc. Common Stock","0001069533","4923","Natural Gas Transmission & Distribution","2025","FY","4.72%","0.04715137484030779","5269689","111761089","us-gaap:NetIncomeLoss","us-gaap:StockholdersEquity","","797"
"RKDA","Arcadia Biosciences Inc. Common Stock","0001469443","1311","Diversified Utility","2024","FY","-113.10%","-1.1309657721356259","-7038000","6223000","us-gaap:NetIncomeLoss","us-gaap:StockholdersEquity","","376"
"RRC","Range Resources Corporation Common Stock","0000315852","1311","Diversified Utility","2024","FY","6.77%","0.06765638967276041","266340000","3936657000","us-gaap:NetIncomeLoss","us-gaap:StockholdersEquity","","535"
"SD","SandRidge Energy Inc. Common Stock","0001349436","1311","Diversified Utility","2024","FY","13.68%","0.1367682088719326","62986000","460531000","us-gaap:NetIncomeLoss","us-gaap:StockholdersEquity","","441"
"SKK","SKK Holdings Limited Ordinary Shares","0001991261","1623","Utility (Keyword Match)","2024","FY","6.05%","0.06045751633986928","444000","7344000","us-gaap:NetIncomeLoss","us-gaap:StockholdersEquity","","272"
"SLNG","Stabilis Solutions Inc. Common Stock","0001043186","4924","Natural Gas Distribution","2024","FY","6.86%","0.06863359598853869","4599000","67008000","us-gaap:NetIncomeLoss","us-gaap:StockholdersEquity","","738"
"SM","SM Energy Company Common Stock","0000893538","1311","Diversified Utility","2024","FY","18.18%","0.18179048379647494","770293000","4237257000","us-gaap:NetIncomeLoss","us-gaap:StockholdersEquity","","805"
"SMC","Summit Midstream Corporation Common Stock","0002024218","4922","Natural Gas Transmission","2024","FY","-26.11%","-0.26113956630297225","-122159000","467792000","us-gaap:NetIncomeLoss","us-gaap:StockholdersEquity","","492"
"SO","Southern Company (The) Common Stock","0000092122","4911","Electric Services","2019","FY","2.82%","0.02824620573355818","938000000","33208000000","us-gaap:NetIncomeLoss","us-gaap:StockholdersEquity","","693"
"SOBO","South Bow Corporation Common Shares","0002019061","4610","Diversified Utility","2024","FY","12.11%","0.1210727969348659","316000000","2610000000","us-gaap:ProfitLoss","us-gaap:StockholdersEquityIncludingPortionAttributableToNoncontrollingInterest","","411"
"SOC","Sable Offshore Corp. Common Stock","0001831481","1311","Diversified Utility","2024","FY","-27.63%","-0.2763044177204362","-93673000","339021000","us-gaap:NetIncomeLoss","us-gaap:StockholdersEquity","","296"
"SOJC","Southern Company (The) Series 2017B 5.25% Junior Subordinated Notes due December 1 2077","0000092122","4911","Electric Services","2019","FY","2.82%","0.02824620573355818","938000000","33208000000","us-gaap:NetIncomeLoss","us-gaap:StockholdersEquity","","1292"
"SOJD","Southern Company (The) Series 2020A 4.95% Junior Subordinated Notes due January 30 2080","0000092122","4911","Electric Services","2019","FY","2.82%","0.02824620573355818","938000000","33208000000","us-gaap:NetIncomeLoss","us-gaap:StockholdersEquity","","518"
"SOJE","Southern Company (The) Series 2020C 4.20% Junior Subordinated Notes due October 15 2060","0000092122","4911","Electric Services","2019","FY","2.82%","0.02824620573355818","938000000","33208000000","us-gaap:NetIncomeLoss","us-gaap:StockholdersEquity","","719"
"SOJF","Southern Company (The) Series 2025A 6.50% Junior Subordinated Notes due March 15 2085","0000092122","4911","Electric Services","2019","FY","2.82%","0.02824620573355818","938000000","33208000000","us-gaap:NetIncomeLoss","us-gaap:StockholdersEquity","","549"
"SOL","Emeren Group Ltd American Depositary Shares each representing 10 shares","0001417892","4931","Electric & Other Services Combined","2024","FY","-4.15%","-0.041518588028590826","-12477000","300516000","us-gaap:NetIncomeLoss","us-gaap:StockholdersEquity","","441"
"SPRU","Spruce Power Holding Corporation Class A Common Stock","0001772720","4911","Electric Services","2024","FY","-8332.03%","-83.32033096926713","-70489000","846000","us-gaap:NetIncomeLoss","us-gaap:StockholdersEquity","","380"
"SR","Spire Inc. Common Stock","0001126956","4924","Natural Gas Distribution","2025","FY","2.46%","0.024570098824382724","81300000","3308900000","us-gaap:NetIncomeLoss","us-gaap:StockholdersEquity","","763"
"SRE","DBA Sempra Common Stock","0001032208","4932","Gas & Other Services Combined","2024","FY","9.17%","0.09166613285503812","2862000000","31222000000","us-gaap:NetIncomeLoss","us-gaap:StockholdersEquity","","428"
"SREA","DBA Sempra 5.750% Junior Subordinated Notes due 2079","0001032208","4932","Gas & Other Services Combined","2024","FY","9.17%","0.09166613285503812","2862000000","31222000000","us-gaap:NetIncomeLoss","us-gaap:StockholdersEquity","","857"
"STR","Sitio Royalties Corp. Class A Common Stock","0001949543","1311","Diversified Utility","2024","FY","1.22%","0.01219677115907156","40946000","3357118000","us-gaap:NetIncomeLoss","us-gaap:StockholdersEquityIncludingPortionAttributableToNoncontrollingInterest","","326"
"SWX","Southwest Gas Holdings Inc. Common Stock (DE)","0001692115","4923","Natural Gas Transmission & Distribution","2024","FY","5.67%","0.05673641275422801","198815000","3504187000","us-gaap:NetIncomeLoss","us-gaap:StockholdersEquity","","451"
"TALO","Talos Energy Inc. Common Stock","0001724965","1311","Diversified Utility","2024","FY","-2.77%","-0.027681581908211204","-76393000","2759705000","us-gaap:NetIncomeLoss","us-gaap:StockholdersEquity","","352"
"TBN","Tamboran Resources Corporation Common stock","0001997652","1311","Diversified Utility","2025","FY","-8.23%","-0.08226001779552032","-20061520","243879354","us-gaap:NetIncomeLoss","us-gaap:StockholdersEquity","","207"
"TLN","Talen Energy Corporation Common Stock","0001622536","4911","Electric Services","2015","FY","-7.92%","-0.07924703695096444","-341000000","4303000000","us-gaap:NetIncomeLoss","us-gaap:StockholdersEquity","","224"
"TPET","Trio Petroleum Corp. Common Stock","0001898766","1311","Diversified Utility","2024","FY","-240.33%","-2.403278734277249","-6544426","2723124","us-gaap:NetIncomeLoss","us-gaap:StockholdersEquity","","285"
"TRGP","Targa Resources Inc. Common Stock","0001389170","4922","Natural Gas Transmission","2024","FY","50.61%","0.506094738466286","1312000000","2592400000","us-gaap:NetIncomeLoss","us-gaap:StockholdersEquity","","536"
"TTI","Tetra Technologies Inc. Common Stock","0000844965","1311","Diversified Utility","2024","FY","42.54%","0.42536375349611893","108284000","254568000","us-gaap:NetIncomeLoss","us-gaap:StockholdersEquity","","715"
"TXNM","TXNM Energy Inc. Common Stock","0001108426","4911","Electric Services","2017","FY","4.71%","0.047116271140649806","79874000","1695253000","us-gaap:NetIncomeLoss","us-gaap:StockholdersEquity","","968"
"UGI","UGI Corporation Common Stock","0000884614","4932","Gas & Other Services Combined","2025","FY","8.19%","0.08187772925764192","375000000","4580000000","us-gaap:NetIncomeLoss","us-gaap:StockholdersEquity","","1296"
"USEG","U.S. Energy Corp. Common Stock (DE)","0000101594","1311","Diversified Utility","2024","FY","-108.24%","-1.0824062801729566","-25784000","23821000","us-gaap:NetIncomeLoss","us-gaap:StockholdersEquity","","637"
"UTL","UNITIL Corporation Common Stock","0000755001","4931","Electric & Other Services Combined","2024","FY","9.19%","0.09190243902439024","47100000","512500000","us-gaap:NetIncomeLoss","us-gaap:StockholdersEquity","","603"
"VIASP","Via Renewables Inc. 8.75% Series A Fixed-to-Floating Rate Cumulative Redeemable Perpetual Preferred Stock","0001606268","4931","Electric & Other Services Combined","2024","FY","42.34%","0.4234037133052613","28255000","66733000","us-gaap:NetIncomeLoss","us-gaap:StockholdersEquity","","337"
"VNOM","Viper Energy Inc. Class A Common Stock","0001602065","1311","Diversified Utility","2024","FY","21.29%","0.21294902193242443","359245000","1687000000","us-gaap:NetIncomeLoss","us-gaap:StockholdersEquity","","457"
"VST","Vistra Corp. Common Stock","0001692819","4911","Electric Services","2024","FY","47.74%","0.47737881508078994","2659000000","5570000000","us-gaap:NetIncomeLoss","us-gaap:StockholdersEquity","","524"
"VTLE","Vital Energy Inc. Common Stock par value $0.01 per share","0001528129","1311","Diversified Utility","2024","FY","-6.43%","-0.06425344862253204","-173521000","2700571000","us-gaap:NetIncomeLoss","us-gaap:StockholdersEquity","","523"
"VTS","Vitesse Energy Inc. Common Stock","0001944558","1311","Diversified Utility","2024","FY","4.21%","0.04209188262240823","21060000","500334000","us-gaap:NetIncomeLoss","us-gaap:StockholdersEquity","","320"
"WEC","WEC Energy Group Inc. Common Stock","0000783325","4931","Electric & Other Services Combined","2015","FY","7.37%","0.07372311518445171","640300000","8685200000","us-gaap:NetIncomeLoss","us-gaap:StockholdersEquity","","1609"
"WMB","Williams Companies Inc. (The) Common Stock","0000107263","4922","Natural Gas Transmission","2024","FY","17.89%","0.17891605017690576","2225000000","12436000000","us-gaap:NetIncomeLoss","us-gaap:StockholdersEquity","","618"
"WTRG","Essential Utilities Inc. Common Stock","0000078128","4941","Diversified Utility","2024","FY","9.60%","0.0960368354630704","595314000","6198809000","us-gaap:NetIncomeLoss","us-gaap:StockholdersEquity","","435"
"XEL","Xcel Energy Inc. Common Stock","0000072903","4931","Electric & Other Services Combined","2024","FY","9.92%","0.09917016699108698","1936000000","19522000000","us-gaap:NetIncomeLoss","us-gaap:StockholdersEquity","","639"
"XIFR","XPLR Infrastructure LP Common Units representing limited partner interests","0001603145","4911","Electric Services","2024","FY","-0.18%","-0.001787657391574693","-23000000","12866000000","us-gaap:NetIncomeLoss","us-gaap:StockholdersEquityIncludingPortionAttributableToNoncontrollingInterest","","455"
"YORW","York Water Company (The) Common Stock","0000108985","4941","Diversified Utility","2024","FY","8.79%","0.08791394165888093","20325000","231192000","us-gaap:NetIncomeLoss","us-gaap:StockholdersEquity","","257"